Product ID,Variant ID,Handle,Title,Body (HTML),Vendor,Type,Tags,Status,Product Category ID,Product Category Name,Product Category Full Path,Created At,Updated At,SEO Title,SEO Description,Option1 Name,Option1 Value,Option2 Name,Option2 Value,Option3 Name,Option3 Value,Variant SKU,Variant Price,Variant Compare At Price,Variant Barcode,Variant Tax Code,Variant Inventory Policy,Inventory Item ID,Cost per item,Variant Grams,Variant Weight Unit,Image URLs,Image Alt Text,Last Synced,Delete,Sync Status,custom.hello,custom.main_testing,custom.testing,test_data.binding_mount,test_data.snowboard_length,Inventory Qty - My Custom Location,Inventory Qty - Shop location,Collection Names,Collection Handles,global.title_tag,global.description_tag,test_data.snowboard_weight
gid://shopify/Product/14963748307316,gid://shopify/ProductVariant/54037927625076,the-inventory-not-tracked-snowboard,The Inventory Not Tracked Snowboard,,MAINTESTING,snowboard,"Accessory, Sport, Winter",ACTIVE,gid://shopify/ProductTaxonomyNode/9483,Uncategorized,Uncategorized,2026-02-28T10:17:42Z,2026-03-13T12:14:08Z,,,Title,Default Title,,,,,sku-untracked-1,949.95,,,,DENY,gid://shopify/InventoryItem/54899881476468,,0.0,POUNDS,https://cdn.shopify.com/s/files/1/0981/7092/9524/files/photo-1600121848594-d8644e57abab.jpg?v=1773301076,,2026-03-31T05:45:51.620189+00:00,,SKIPPED,,,,,,0,100,,,,,
gid://shopify/Product/14963748340084,gid://shopify/ProductVariant/54037927526772,the-compare-at-price-snowboard,The Compare at Price Snowboard,,MAINTESTING,snowboard,"Accessory, Blue, Sport, Winter",ACTIVE,gid://shopify/ProductTaxonomyNode/9483,Uncategorized,Uncategorized,2026-02-28T10:17:42Z,2026-03-14T21:26:46Z,,,Title,Default Title,,,,,,850.00,885.95,,,DENY,gid://shopify/InventoryItem/54899881378164,,0.0,POUNDS,,,2026-03-31T05:45:51.620189+00:00,,SKIPPED,,,2,,,0,10,,,,,
gid://shopify/Product/14963748372852,gid://shopify/ProductVariant/54037927657844,gift-card,Gift Card MAIN,This is a gift card for the store Main,Snowboard Vendor,giftcard,TESING GIFTCARD MAIN,ACTIVE,gid://shopify/ProductTaxonomyNode/5582,Gift Cards,Gift Cards,2026-02-28T10:17:42Z,2026-03-13T08:32:54Z,TESING MAIN,GIFTCARD MAIN,Denominations,$10,,,,,,500.00,,,,DENY,gid://shopify/InventoryItem/54899881509236,,0.0,POUNDS,,,2026-03-31T05:45:51.620189+00:00,,SKIPPED,,,2,,,0,5,Automated Collection,automated-collection,TESING MAIN,GIFTCARD MAIN,
gid://shopify/Product/14963748372852,gid://shopify/ProductVariant/54037927690612,gift-card,Gift Card MAIN,This is a gift card for the store Main,Snowboard Vendor,giftcard,TESING GIFTCARD MAIN,ACTIVE,gid://shopify/ProductTaxonomyNode/5582,Gift Cards,Gift Cards,2026-02-28T10:17:42Z,2026-03-13T08:32:54Z,TESING MAIN,GIFTCARD MAIN,Denominations,$25,,,,,,250.00,,,,DENY,gid://shopify/InventoryItem/54899881542004,,0.0,POUNDS,,,2026-03-31T05:45:51.620189+00:00,,SKIPPED,,,2,,,0,10,Automated Collection,automated-collection,TESING MAIN,GIFTCARD MAIN,
gid://shopify/Product/14963748372852,gid://shopify/ProductVariant/54037927723380,gift-card,Gift Card MAIN,This is a gift card for the store Main,Snowboard Vendor,giftcard,TESING GIFTCARD MAIN,ACTIVE,gid://shopify/ProductTaxonomyNode/5582,Gift Cards,Gift Cards,2026-02-28T10:17:42Z,2026-03-13T08:32:54Z,TESING MAIN,GIFTCARD MAIN,Denominations,$50,,,,,,400.00,,,,DENY,gid://shopify/InventoryItem/54899881574772,,0.0,POUNDS,,,2026-03-31T05:45:51.620189+00:00,,SKIPPED,,,2,,,0,20,Automated Collection,automated-collection,TESING MAIN,GIFTCARD MAIN,
gid://shopify/Product/14963748372852,gid://shopify/ProductVariant/54037927756148,gift-card,Gift Card MAIN,This is a gift card for the store Main,Snowboard Vendor,giftcard,TESING GIFTCARD MAIN,ACTIVE,gid://shopify/ProductTaxonomyNode/5582,Gift Cards,Gift Cards,2026-02-28T10:17:42Z,2026-03-13T08:32:54Z,TESING MAIN,GIFTCARD MAIN,Denominations,$100,,,,,,100.00,,,,DENY,gid://shopify/InventoryItem/54899881607540,,0.0,POUNDS,,,2026-03-31T05:45:51.620189+00:00,,SKIPPED,,,2,,,0,30,Automated Collection,automated-collection,TESING MAIN,GIFTCARD MAIN,
gid://shopify/Product/14963748405620,gid://shopify/ProductVariant/54037927592308,the-collection-snowboard-hydrogen,The Collection Snowboard: Hydrogen,,Hydrogen Vendor,snowboard,"Accessory, Sport, Winter",ACTIVE,,,,2026-02-28T10:17:42Z,2026-03-14T11:57:18Z,,,Title,Default Title,,,,,,1000.00,,,,DENY,gid://shopify/InventoryItem/54899881443700,,0.0,POUNDS,,,2026-03-31T05:45:51.620189+00:00,,SKIPPED,,,,Optimistic,,0,50,Hydrogen,hydrogen,,,
gid://shopify/Product/14963748438388,gid://shopify/ProductVariant/54037927788916,the-draft-snowboard,The Draft Snowboard,,Snowboard Vendor,snowboard,,DRAFT,,,,2026-02-28T10:17:42Z,2026-03-14T00:53:45Z,,,Title,Default Title,,,,,,2629.95,,,,DENY,gid://shopify/InventoryItem/54899881705844,,0.0,POUNDS,,,2026-03-31T05:45:51.620189+00:00,,SKIPPED,,,,,,0,20,,,,,
gid://shopify/Product/14963748471156,gid://shopify/ProductVariant/54037928182132,the-hidden-snowboard,The Hidden Snowboard,,Snowboard Vendor,snowboard,"Premium, Snow, Snowboard, Sport, Winter",ACTIVE,,,,2026-02-28T10:17:42Z,2026-03-13T07:59:22Z,Hidden Snowboard,hidden snowboard winter sport snowboarding,Title,Default Title,,,,,,749.95,,,,DENY,gid://shopify/InventoryItem/54899882033524,,0.0,POUNDS,,,2026-03-31T05:45:51.620189+00:00,,SKIPPED,,,,,,0,50,Automated Collection,automated-collection,Hidden Snowboard,hidden snowboard winter sport snowboarding,"{""value"":8.0,""unit"":""POUNDS""}"
gid://shopify/Product/14963748503924,gid://shopify/ProductVariant/54037927559540,the-minimal-snowboard,The Minimal Snowboard,,MAINTESTING,,,ACTIVE,,,,2026-02-28T10:17:42Z,2026-03-08T18:01:27Z,,,Title,Default Title,,,,,,885.95,,,,DENY,gid://shopify/InventoryItem/54899881410932,,0.0,POUNDS,,,2026-03-31T05:45:51.620189+00:00,,SKIPPED,,,,,,0,50,,,,,
gid://shopify/Product/14963748536692,gid://shopify/ProductVariant/54037927821684,the-archived-snowboard,The Archived Snowboard,,Snowboard Vendor,snowboard,"Archived, Premium, Snow, Snowboard, Sport, Winter",ARCHIVED,,,,2026-02-28T10:17:42Z,2026-03-14T01:26:51Z,,,Title,Default Title,,,,,,6029.95,,,,DENY,gid://shopify/InventoryItem/54899881673076,,0.0,POUNDS,,,2026-03-31T05:45:51.620189+00:00,,SKIPPED,,,,,,0,0,,,,,
gid://shopify/Product/14963748569460,gid://shopify/ProductVariant/54037928083828,selling-plans-ski-wax,Selling Plans Ski Wax,,MAINTESTING,accessories,"Accessory, Sport, Winter",ACTIVE,,,,2026-02-28T10:17:42Z,2026-03-13T10:05:28Z,,,Title,Selling Plans Ski Wax,,,,,,24.95,,,,DENY,gid://shopify/InventoryItem/54899881935220,,2.0,OUNCES,,,2026-03-31T05:45:51.620189+00:00,,SKIPPED,,,,,,0,10,,,,,
gid://shopify/Product/14963748569460,gid://shopify/ProductVariant/54037928116596,selling-plans-ski-wax,Selling Plans Ski Wax,,MAINTESTING,accessories,"Accessory, Sport, Winter",ACTIVE,,,,2026-02-28T10:17:42Z,2026-03-13T10:05:28Z,,,Title,Special Selling Plans Ski Wax,,,,,,49.95,,,,DENY,gid://shopify/InventoryItem/54899881967988,,2.5,OUNCES,,,2026-03-31T05:45:51.620189+00:00,,SKIPPED,,,,,,0,10,,,,,
gid://shopify/Product/14963748569460,gid://shopify/ProductVariant/54037928149364,selling-plans-ski-wax,Selling Plans Ski Wax,,MAINTESTING,accessories,"Accessory, Sport, Winter",ACTIVE,,,,2026-02-28T10:17:42Z,2026-03-13T10:05:28Z,,,Title,Sample Selling Plans Ski Wax,,,,,,9.95,,,,DENY,gid://shopify/InventoryItem/54899882000756,,0.5,OUNCES,,,2026-03-31T05:45:51.620189+00:00,,SKIPPED,,,,,,0,10,,,,,
gid://shopify/Product/14963748602228,gid://shopify/ProductVariant/54037927854452,the-out-of-stock-snowboard,The Out of Stock Snowboard,,MAINTESTING,snowboard,"Accessory, Sport, Winter",ACTIVE,,,,2026-02-28T10:17:42Z,2026-03-14T05:16:49Z,,,Title,Default Title,,,,,,885.95,,,,DENY,gid://shopify/InventoryItem/54899881640308,,0.0,POUNDS,,,2026-03-31T05:45:51.620189+00:00,,SKIPPED,,,,,,0,0,,,,,
gid://shopify/Product/14963748634996,gid://shopify/ProductVariant/54037927919988,the-complete-snowboard,The Complete Snowboard,This <b>PREMIUM</b> <i>snowboard</i> is so <b>SUPER</b><i>DUPER</i> awesome!,Snowboard Vendor,snowboard,"Premium, Snow, Snowboard, Sport, Winter",ACTIVE,,,,2026-02-28T10:17:42Z,2026-03-13T00:30:36Z,Complete Snowboard,snowboard winter sport snowboarding,Color,Ice,,,,,,699.95,,,,DENY,gid://shopify/InventoryItem/54899881771380,,10.0,POUNDS,,,2026-03-31T05:45:51.620189+00:00,,SKIPPED,,,,,"{""value"":159.0,""unit"":""CENTIMETERS""}",0,10,Automated Collection,automated-collection,Complete Snowboard,snowboard winter sport snowboarding,"{""value"":7.0,""unit"":""POUNDS""}"
gid://shopify/Product/14963748634996,gid://shopify/ProductVariant/54037927952756,the-complete-snowboard,The Complete Snowboard,This <b>PREMIUM</b> <i>snowboard</i> is so <b>SUPER</b><i>DUPER</i> awesome!,Snowboard Vendor,snowboard,"Premium, Snow, Snowboard, Sport, Winter",ACTIVE,,,,2026-02-28T10:17:42Z,2026-03-13T00:30:36Z,Complete Snowboard,snowboard winter sport snowboarding,Color,Dawn,,,,,,699.95,,,,DENY,gid://shopify/InventoryItem/54899881804148,,10.0,POUNDS,,,2026-03-31T05:45:51.620189+00:00,,SKIPPED,,,,,"{""value"":159.0,""unit"":""CENTIMETERS""}",0,10,Automated Collection,automated-collection,Complete Snowboard,snowboard winter sport snowboarding,"{""value"":7.0,""unit"":""POUNDS""}"
gid://shopify/Product/14963748634996,gid://shopify/ProductVariant/54037927985524,the-complete-snowboard,The Complete Snowboard,This <b>PREMIUM</b> <i>snowboard</i> is so <b>SUPER</b><i>DUPER</i> awesome!,Snowboard Vendor,snowboard,"Premium, Snow, Snowboard, Sport, Winter",ACTIVE,,,,2026-02-28T10:17:42Z,2026-03-13T00:30:36Z,Complete Snowboard,snowboard winter sport snowboarding,Color,Powder,,,,,,699.95,,,,DENY,gid://shopify/InventoryItem/54899881836916,,10.0,POUNDS,,,2026-03-31T05:45:51.620189+00:00,,SKIPPED,,,,,"{""value"":159.0,""unit"":""CENTIMETERS""}",0,10,Automated Collection,automated-collection,Complete Snowboard,snowboard winter sport snowboarding,"{""value"":7.0,""unit"":""POUNDS""}"
gid://shopify/Product/14963748634996,gid://shopify/ProductVariant/54037928018292,the-complete-snowboard,The Complete Snowboard,This <b>PREMIUM</b> <i>snowboard</i> is so <b>SUPER</b><i>DUPER</i> awesome!,Snowboard Vendor,snowboard,"Premium, Snow, Snowboard, Sport, Winter",ACTIVE,,,,2026-02-28T10:17:42Z,2026-03-13T00:30:36Z,Complete Snowboard,snowboard winter sport snowboarding,Color,Electric,,,,,,699.95,,,,DENY,gid://shopify/InventoryItem/54899881869684,,10.0,POUNDS,,,2026-03-31T05:45:51.620189+00:00,,SKIPPED,,,,,"{""value"":159.0,""unit"":""CENTIMETERS""}",0,10,Automated Collection,automated-collection,Complete Snowboard,snowboard winter sport snowboarding,"{""value"":7.0,""unit"":""POUNDS""}"
gid://shopify/Product/14963748634996,gid://shopify/ProductVariant/54037928051060,the-complete-snowboard,The Complete Snowboard,This <b>PREMIUM</b> <i>snowboard</i> is so <b>SUPER</b><i>DUPER</i> awesome!,Snowboard Vendor,snowboard,"Premium, Snow, Snowboard, Sport, Winter",ACTIVE,,,,2026-02-28T10:17:42Z,2026-03-13T00:30:36Z,Complete Snowboard,snowboard winter sport snowboarding,Color,Sunset,,,,,,699.95,,,,DENY,gid://shopify/InventoryItem/54899881902452,,10.0,POUNDS,,,2026-03-31T05:45:51.620189+00:00,,SKIPPED,,,,,"{""value"":159.0,""unit"":""CENTIMETERS""}",0,10,Automated Collection,automated-collection,Complete Snowboard,snowboard winter sport snowboarding,"{""value"":7.0,""unit"":""POUNDS""}"
gid://shopify/Product/14963748667764,gid://shopify/ProductVariant/54037927887220,the-videographer-snowboard,The Videographer Snowboard,,MAINTESTING,snowboard,,ACTIVE,gid://shopify/ProductTaxonomyNode/9483,Uncategorized,Uncategorized,2026-02-28T10:17:42Z,2026-03-20T04:25:54Z,,,Title,Default Title,,,,,,885.95,,,,DENY,gid://shopify/InventoryItem/54899881738612,,0.0,POUNDS,,,2026-03-31T05:45:51.620189+00:00,,SKIPPED,,,,,,0,50,,,,,
gid://shopify/Product/14963748700532,gid://shopify/ProductVariant/54037928345972,the-multi-location-snowboard,The Multi-location Snowboard,,MAINTESTING,snowboard,"Premium, Snow, Snowboard, Sport, Winter",ACTIVE,gid://shopify/ProductTaxonomyNode/9483,Uncategorized,Uncategorized,2026-02-28T10:17:43Z,2026-03-13T07:25:18Z,,,Title,Default Title,,,,,,729.95,,,,DENY,gid://shopify/InventoryItem/54899882197364,,0.0,POUNDS,,,2026-03-31T05:45:51.620189+00:00,,SKIPPED,,,1,,,50,50,Automated Collection,automated-collection,,,
gid://shopify/Product/14963748733300,gid://shopify/ProductVariant/54037928378740,the-collection-snowboard-oxygen,The Collection Snowboard: Oxygen,,Hydrogen Vendor,snowboard,"Accessory, Sport, Winter",ACTIVE,,,,2026-02-28T10:17:43Z,2026-03-13T23:22:24Z,,,Title,Default Title,,,,,,1025.00,,,,DENY,gid://shopify/InventoryItem/54899882230132,,0.0,POUNDS,,,2026-03-31T05:45:51.620189+00:00,,SKIPPED,,,,Optimistic,,0,50,Hydrogen,hydrogen,,,
gid://shopify/Product/14963748766068,gid://shopify/ProductVariant/54037928444276,the-3p-fulfilled-snowboard,The 3p Fulfilled Snowboard,,MAINTESTING,snowboard,"Accessory, Sport, Winter",ACTIVE,,,,2026-02-28T10:17:43Z,2026-03-13T07:40:12Z,,,Title,Default Title,,,,,sku-hosted-1,2629.95,,,,DENY,gid://shopify/InventoryItem/54899882295668,,0.0,POUNDS,,,2026-03-31T05:45:51.620189+00:00,,SKIPPED,,,,,,0,0,,,,,
gid://shopify/Product/14963748798836,gid://shopify/ProductVariant/54037928411508,the-multi-managed-snowboard,The Multi-managed Snowboard,,Multi-managed Vendor,snowboard,"Premium, Snow, Snowboard, Sport, Winter",ACTIVE,,,,2026-02-28T10:17:43Z,2026-03-13T21:00:07Z,,,Title,Default Title,,,,,sku-managed-1,629.95,,,,DENY,gid://shopify/InventoryItem/54899882262900,,0.0,POUNDS,,,2026-03-31T05:45:51.620189+00:00,,SKIPPED,,,,,"{""value"":159.0,""unit"":""CENTIMETERS""}",0,50,Automated Collection,automated-collection,,,
gid://shopify/Product/14963748831604,gid://shopify/ProductVariant/54037928509812,the-collection-snowboard-liquid,The Collection Snowboard: Liquid,TESTING,Hydrogen Vendor,snowboard,"Accessory, Blue and White, Round, Sport, Winter",ACTIVE,,,,2026-02-28T10:17:44Z,2026-03-14T20:46:22Z,BLUE SNOWBOARD,BLUE COOL SNOWBOARD,Title,Default Title,,,,,,900.00,,,,DENY,gid://shopify/InventoryItem/54899882361204,,0.0,POUNDS,,,2026-03-31T05:45:51.620189+00:00,,SKIPPED,,,1,Optimistic,,0,30,,,BLUE SNOWBOARD,BLUE COOL SNOWBOARD,
gid://shopify/Product/14971011826036,gid://shopify/ProductVariant/54101157577076,testing-hello,TESTING AHIN,HELLO AGAIN,Snowboard Vendor,accessories,"adhavoydv, csehcysvyc, dnavydvse",DRAFT,,,,2026-03-09T11:46:52Z,2026-03-20T11:01:07Z,jbdjvjdn uf jfgug,vmn j nvj,Title,small,,,,,,1.00,,,,DENY,gid://shopify/InventoryItem/54963599933812,,0.0,POUNDS,,,2026-03-31T05:45:51.620189+00:00,,SKIPPED,adjabsvdvbd,,2.2,,,0,0,Hydrogen,hydrogen,jbdjvjdn uf jfgug,vmn j nvj,
gid://shopify/Product/14971215282548,gid://shopify/ProductVariant/54063876407668,testing-options,TESTING OPTIONS,OPTIONS,Hydrogen Vendor,,OPTION,DRAFT,,,,2026-03-09T16:36:10Z,2026-03-15T04:03:45Z,OPTIONS,TESTING,Size,Small,,,,,,25.00,,,,DENY,gid://shopify/InventoryItem/54926025720180,,0.0,POUNDS,,,2026-03-31T05:45:51.620189+00:00,,SKIPPED,,,2,,,0,10,Hydrogen,hydrogen,OPTIONS,TESTING,
gid://shopify/Product/14971215282548,gid://shopify/ProductVariant/54063881814388,testing-options,TESTING OPTIONS,OPTIONS,Hydrogen Vendor,,OPTION,DRAFT,,,,2026-03-09T16:36:10Z,2026-03-15T04:03:45Z,OPTIONS,TESTING,Size,Large,,,,,,50.00,,,,DENY,gid://shopify/InventoryItem/54926035452276,,0.0,POUNDS,,,2026-03-31T05:45:51.620189+00:00,,SKIPPED,,,2,,,0,5,Hydrogen,hydrogen,OPTIONS,TESTING,
gid://shopify/Product/14971217314164,gid://shopify/ProductVariant/54068659847540,testing-case4,TESTING CASE 1,HOME,Snowboard Vendor,,LETS,DRAFT,gid://shopify/ProductTaxonomyNode/9483,Uncategorized,Uncategorized,2026-03-09T16:47:47Z,2026-03-21T02:14:41Z,dada,aaaaaa,Size,S,,,,,test-1,1.00,10.00,,,CONTINUE,gid://shopify/InventoryItem/54930894258548,,0.0,POUNDS,https://cdn.shopify.com/s/files/1/0981/7092/9524/files/photo-1600121848594-d8644e57abab_14a4a47f-29ea-4567-a598-c0233b813833.jpg?v=1773982056,blah,2026-03-31T05:45:51.620189+00:00,,SKIPPED,HELLO,DONE AGAIN,2.2,,,1,3,Hydrogen,hydrogen,dada,aaaaaa,
gid://shopify/Product/14971217314164,gid://shopify/ProductVariant/54068665254260,testing-case4,TESTING CASE 1,HOME,Snowboard Vendor,,LETS,DRAFT,gid://shopify/ProductTaxonomyNode/9483,Uncategorized,Uncategorized,2026-03-09T16:47:47Z,2026-03-21T02:14:41Z,dada,aaaaaa,Size,L,,,,,,10.00,100.00,,,DENY,gid://shopify/InventoryItem/54930899665268,,0.0,POUNDS,https://cdn.shopify.com/s/files/1/0981/7092/9524/files/photo-1600121848594-d8644e57abab_14a4a47f-29ea-4567-a598-c0233b813833.jpg?v=1773982056,blah,2026-03-31T05:45:51.620189+00:00,,SKIPPED,HELLO,DONE AGAIN,2.2,,,5,7,Hydrogen,hydrogen,dada,aaaaaa,
gid://shopify/Product/14971217314164,gid://shopify/ProductVariant/54068861731188,testing-case4,TESTING CASE 1,HOME,Snowboard Vendor,,LETS,DRAFT,gid://shopify/ProductTaxonomyNode/9483,Uncategorized,Uncategorized,2026-03-09T16:47:47Z,2026-03-21T02:14:41Z,dada,aaaaaa,Size,XL,,,,,,100.00,1000.00,,,DENY,gid://shopify/InventoryItem/54931096142196,,0.0,POUNDS,https://cdn.shopify.com/s/files/1/0981/7092/9524/files/photo-1600121848594-d8644e57abab_14a4a47f-29ea-4567-a598-c0233b813833.jpg?v=1773982056,blah,2026-03-31T05:45:51.620189+00:00,,SKIPPED,HELLO,DONE AGAIN,2.2,,,0,7,Hydrogen,hydrogen,dada,aaaaaa,
gid://shopify/Product/14992385278324,gid://shopify/ProductVariant/54139152957812,bla-blah,BLA BLAH,VFVNFVOFV,Snowboard Vendor,accessories,"fufigf, fviif, kvndfuvhf",ACTIVE,gid://shopify/ProductTaxonomyNode/9483,Uncategorized,Uncategorized,2026-03-20T05:26:35Z,2026-03-28T17:51:24Z,CDjnvjdfnvnfdoi,k giofn ofg nofn kfggk ngfi nifgni fhg,Size,L,,,,,,10000.00,,,,DENY,gid://shopify/InventoryItem/55001645089140,,0.0,POUNDS,,,2026-03-31T05:45:51.620189+00:00,,SKIPPED,,MA,1,,,0,50,Hydrogen,hydrogen,CDjnvjdfnvnfdoi,k giofn ofg nofn kfggk ngfi nifgni fhg,
gid://shopify/Product/14992385278324,gid://shopify/ProductVariant/54198765322612,bla-blah,BLA BLAH,VFVNFVOFV,Snowboard Vendor,accessories,"fufigf, fviif, kvndfuvhf",ACTIVE,gid://shopify/ProductTaxonomyNode/9483,Uncategorized,Uncategorized,2026-03-20T05:26:35Z,2026-03-28T17:51:24Z,CDjnvjdfnvnfdoi,k giofn ofg nofn kfggk ngfi nifgni fhg,Size,S,,,,,,100.00,,,,DENY,gid://shopify/InventoryItem/55061357429108,,0.0,POUNDS,,,2026-03-31T05:45:51.620189+00:00,,SKIPPED,,MA,1,,,0,1000,Hydrogen,hydrogen,CDjnvjdfnvnfdoi,k giofn ofg nofn kfggk ngfi nifgni fhg,
gid://shopify/Product/14998259335540,gid://shopify/ProductVariant/54153163407732,image,ImAGE,AGAIN WORKING AGAIN,MAINTESTING,,"ANDahwha, awbhvyer",DRAFT,,,,2026-03-24T04:46:00Z,2026-03-27T17:16:26Z,djfdbgb,gscf d fd,Title,Default Title,,,,,,1000.00,,,,DENY,gid://shopify/InventoryItem/55015695024500,,0.0,POUNDS,https://cdn.shopify.com/s/files/1/0981/7092/9524/files/photo-1600121848594-d8644e57abab_83935bef-9e79-4f9e-a581-24058a88ca7f.jpg?v=1774592994,,2026-03-31T05:45:51.620189+00:00,,SKIPPED,HE,AGAIN,2.2,,,0,5,,,djfdbgb,gscf d fd,
gid://shopify/Product/14998261563764,gid://shopify/ProductVariant/54158031389044,adm-awjb-evr,adm awjb evr add,HELLO,MAINTESTING,,"bhdvb, dejbfu",ACTIVE,,,,2026-03-24T05:14:30Z,2026-03-28T20:03:34Z,a,aa,Size,S,,,,,,10.00,,,,DENY,gid://shopify/InventoryItem/55020579455348,,0.0,POUNDS,"https://cdn.shopify.com/s/files/1/0981/7092/9524/files/future-cars-2-6939c3d6c9abe.jpg?v=1774329283, https://cdn.shopify.com/s/files/1/0981/7092/9524/files/future-cars-2-6939c3d6c9abe_b36ff342-a1e3-483e-820a-4aeb98a3c3af.jpg?v=1774433199",", ",2026-03-31T05:45:51.620189+00:00,,SKIPPED,H,Done,1,,,0,0,,,a,aa,
gid://shopify/Product/15007259918708,gid://shopify/ProductVariant/54169701319028,hello-world,HELLO WORLD,HELLO WORLD,Hydrogen Vendor,snowboard,vjfgvbgf,ACTIVE,,,,2026-03-27T06:33:34Z,2026-03-27T19:39:44Z,,,Title,Default Title,,,,,,0.00,,,,DENY,gid://shopify/InventoryItem/55032284086644,,0.0,POUNDS,https://cdn.shopify.com/s/files/1/0981/7092/9524/files/future-cars-2-6939c3d6c9abe_e14eb6de-d1e6-45b7-870f-3e4381a9b5ea.jpg?v=1774603402,,2026-03-31T05:45:51.620189+00:00,,SKIPPED,,,,,,0,0,,,,,
gid://shopify/Product/15008159433076,gid://shopify/ProductVariant/54199998546292,frontend-working,FRONTEND WORKING,WORKING,Hydrogen Vendor,snowboard,"cfvugibbng, fkif, vibvufb",DRAFT,,,,2026-03-28T06:52:07Z,2026-03-28T18:53:26Z,BJIVIUSFVOFSV,cjfvnnofpobg,Title,Default Title,,,,,,100.00,,,,DENY,gid://shopify/InventoryItem/55062590652788,,0.0,POUNDS,,,2026-03-31T05:45:51.620189+00:00,,SKIPPED,,,1,,,0,50,Hydrogen,hydrogen,BJIVIUSFVOFSV,cjfvnnofpobg,
gid://shopify/Product/15008160448884,gid://shopify/ProductVariant/54200146035060,again-checking,AGAIN CHECKING,,MAINTESTING,,"fdbgib, vjfbvg",ACTIVE,,,,2026-03-28T06:57:32Z,2026-03-28T07:24:48Z,vdfnjvnifihobfg,vvjfbgfobfgjbgf,Title,Default Title,,,,,,100.00,,,,DENY,gid://shopify/InventoryItem/55062738141556,,0.0,POUNDS,,,2026-03-31T05:45:51.620189+00:00,,SKIPPED,,,,,,0,0,,,vdfnjvnifihobfg,vvjfbgfobfgjbgf,
gid://shopify/Product/15008162185588,gid://shopify/ProductVariant/54200320000372,checking,CHECKING,,MAINTESTING,,"kfndioiofgbjpg, mfd;npdfdfb",ACTIVE,,,,2026-03-28T07:01:27Z,2026-03-28T07:24:47Z,jfnsuhv,nbisuhvdfjvdf,Title,Default Title,,,,,,100.00,,,,DENY,gid://shopify/InventoryItem/55062912106868,,0.0,POUNDS,,,2026-03-31T05:45:51.620189+00:00,,SKIPPED,,,,,,0,0,,,jfnsuhv,nbisuhvdfjvdf,
gid://shopify/Product/15008164020596,gid://shopify/ProductVariant/54200648237428,fun-game,FUN GAME,,MAINTESTING,snowboard,"jvjifnv, kfdubogib",DRAFT,,,,2026-03-28T07:04:55Z,2026-03-28T07:24:47Z,jfdifdgb,n igno igpoj fg,Title,Default Title,,,,,,1.00,,,,DENY,gid://shopify/InventoryItem/55063240343924,,0.0,POUNDS,,,2026-03-31T05:45:51.620189+00:00,,SKIPPED,,,,,,0,0,,,jfdifdgb,n igno igpoj fg,
gid://shopify/Product/15008166805876,gid://shopify/ProductVariant/54201254117748,gaming,GAMING,,MAINTESTING,snowboard,"vdfjvnd, vknvf",ACTIVE,,,,2026-03-28T07:12:06Z,2026-03-28T07:24:47Z,jfndnvpdfjb,ngfiobjofpjb,Title,Default Title,,,,,,10.00,,,,DENY,gid://shopify/InventoryItem/55063846257012,,0.0,POUNDS,,,2026-03-31T05:45:51.620189+00:00,,SKIPPED,,,,,,0,0,,,jfndnvpdfjb,ngfiobjofpjb,
gid://shopify/Product/15008167264628,gid://shopify/ProductVariant/54201352257908,boom,BOOM,,Hydrogen Vendor,giftcard,"bfgb, jbvdf",ACTIVE,,,,2026-03-28T07:16:26Z,2026-03-28T07:16:37Z,jdgbiubduif,bjgn;bogfjbofbfpgbb,Title,Default Title,,,,,,5.00,,,,DENY,gid://shopify/InventoryItem/55063944397172,,0.0,POUNDS,,,2026-03-31T05:45:51.620189+00:00,,SKIPPED,,,2,,,0,10,Hydrogen,hydrogen,jdgbiubduif,bjgn;bogfjbofbfpgbb,
gid://shopify/Product/15008169296244,gid://shopify/ProductVariant/54201817563508,ghm,GHOOM,,MAINTESTING,,,DRAFT,,,,2026-03-28T07:24:31Z,2026-03-28T07:35:29Z,bvfv,vf,Title,Default Title,,,,,,15.00,,,,DENY,gid://shopify/InventoryItem/55064409702772,,0.0,POUNDS,,,2026-03-31T05:45:51.620189+00:00,,SKIPPED,,,,,,0,5,,,bvfv,vf,
gid://shopify/Product/15008172867956,gid://shopify/ProductVariant/54202627391860,bl,BLOOM,,MAINTESTING,,,DRAFT,,,,2026-03-28T07:39:45Z,2026-03-29T09:12:50Z,,,Title,Default Title,,,,,,0.00,,,,DENY,gid://shopify/InventoryItem/55065219596660,,0.0,POUNDS,,,2026-03-31T05:45:51.620189+00:00,,SKIPPED,,,,,,0,0,,,,,
